{"cameraMode":{"drawMode":0,"name":"Shaded","section":"Shading Mode"},"sceneLighting":true,"audioPlay":false,"sceneViewState":{"m_AlwaysRefresh":false,"showFog":true,"showSkybox":true,"showFlares":true,"showImageEffects":true,"showParticleSystems":true,"showVisualEffectGraphs":true,"m_FxEnabled":true},"in2DMode":false,"pivot":{"x":27.51357650756836,"y":21.11157989501953,"z":-8.247843742370606},"rotation":{"x":-0.3285331726074219,"y":0.010192747227847577,"z":-0.0035039924550801517,"w":-0.9443157315254211},"size":5.106809139251709,"orthographic":false}