{"cameraMode":{"drawMode":0,"name":"Shaded","section":"Shading Mode"},"sceneLighting":false,"audioPlay":false,"sceneViewState":{"m_AlwaysRefresh":false,"showFog":true,"showSkybox":false,"showFlares":true,"showImageEffects":true,"showParticleSystems":true,"showVisualEffectGraphs":true,"m_FxEnabled":true},"in2DMode":false,"pivot":{"x":0.03336189314723015,"y":-0.35323044657707217,"z":-1.1702919006347657},"rotation":{"x":-0.08561912924051285,"y":-0.04423142597079277,"z":0.0038040929939597847,"w":-0.9953312873840332},"size":1.6674262285232545,"orthographic":false}